{"cameraMode":{"drawMode":0,"name":"Shaded","section":"Shading Mode"},"sceneLighting":true,"audioPlay":false,"sceneViewState":{"m_AlwaysRefresh":false,"showFog":true,"showSkybox":true,"showFlares":true,"showImageEffects":true,"showParticleSystems":true,"showVisualEffectGraphs":true,"m_FxEnabled":true},"in2DMode":false,"pivot":{"x":22.25657081604004,"y":13.528505325317383,"z":2.194166421890259},"rotation":{"x":-0.046750012785196307,"y":0.9893402457237244,"z":-0.07887128740549088,"w":-0.11377301812171936},"size":0.8270542621612549,"orthographic":false}