{"cameraMode":{"drawMode":0,"name":"Shaded","section":"Shading Mode"},"sceneLighting":true,"audioPlay":false,"sceneViewState":{"m_AlwaysRefresh":false,"showFog":true,"showSkybox":true,"showFlares":true,"showImageEffects":true,"showParticleSystems":true,"showVisualEffectGraphs":true,"m_FxEnabled":true},"in2DMode":false,"pivot":{"x":-0.7034451961517334,"y":1.1723517179489136,"z":-1.3776386976242066},"rotation":{"x":-0.07423684746026993,"y":0.7314898371696472,"z":-0.08017551153898239,"w":-0.6728902459144592},"size":1.2538447380065919,"orthographic":false}