{"cameraMode":{"drawMode":0,"name":"Shaded","section":"Shading Mode"},"sceneLighting":true,"audioPlay":false,"sceneViewState":{"m_AlwaysRefresh":false,"showFog":true,"showSkybox":true,"showFlares":true,"showImageEffects":true,"showParticleSystems":true,"showVisualEffectGraphs":true,"m_FxEnabled":true},"in2DMode":false,"pivot":{"x":2.290558338165283,"y":0.9653105735778809,"z":-1.9879517555236817},"rotation":{"x":-0.0193498358130455,"y":-0.09522052854299545,"z":-0.002613898366689682,"w":0.9952314496040344},"size":0.2529902160167694,"orthographic":false}