{"cameraMode":{"drawMode":0,"name":"Shaded","section":"Shading Mode"},"sceneLighting":true,"audioPlay":false,"sceneViewState":{"m_AlwaysRefresh":false,"showFog":true,"showSkybox":true,"showFlares":true,"showImageEffects":true,"showParticleSystems":true,"showVisualEffectGraphs":true,"m_FxEnabled":true},"in2DMode":false,"pivot":{"x":5.508683204650879,"y":-1.3571324348449708,"z":2.0181732177734377},"rotation":{"x":-0.005453361663967371,"y":0.9944372773170471,"z":-0.08103597909212113,"w":-0.06692707538604737},"size":12.12435531616211,"orthographic":false}