{"cameraMode":{"drawMode":0,"name":"Shaded","section":"Shading Mode"},"sceneLighting":true,"audioPlay":false,"sceneViewState":{"m_AlwaysRefresh":false,"showFog":true,"showSkybox":true,"showFlares":true,"showImageEffects":true,"showParticleSystems":true,"showVisualEffectGraphs":true,"m_FxEnabled":true},"in2DMode":false,"pivot":{"x":3.788015365600586,"y":0.9520933628082275,"z":-3.8588032722473146},"rotation":{"x":-0.023774586617946626,"y":0.4932360351085663,"z":0.028003722429275514,"w":-0.8691812753677368},"size":0.5003534555435181,"orthographic":false}