{"cameraMode":{"drawMode":0,"name":"Shaded","section":"Shading Mode"},"sceneLighting":true,"audioPlay":false,"sceneViewState":{"m_AlwaysRefresh":false,"showFog":true,"showSkybox":true,"showFlares":true,"showImageEffects":true,"showParticleSystems":true,"showVisualEffectGraphs":true,"m_FxEnabled":true},"in2DMode":false,"pivot":{"x":3.7765402793884279,"y":0.06634955108165741,"z":-3.1783347129821779},"rotation":{"x":-0.2748945951461792,"y":0.6684420108795166,"z":-0.22602418065071107,"w":-0.6531761288642883},"size":0.8660253882408142,"orthographic":false}