{"cameraMode":{"drawMode":0,"name":"Shaded","section":"Shading Mode"},"sceneLighting":true,"audioPlay":false,"sceneViewState":{"m_AlwaysRefresh":false,"showFog":true,"showSkybox":true,"showFlares":true,"showImageEffects":true,"showParticleSystems":true,"showVisualEffectGraphs":true,"m_FxEnabled":true},"in2DMode":false,"pivot":{"x":261.89569091796877,"y":248.8563690185547,"z":1.167687177658081},"rotation":{"x":0.11981545388698578,"y":-0.26987847685813906,"z":0.031092291697859765,"w":0.954799473285675},"size":239.26634216308595,"orthographic":false}