{"cameraMode":{"drawMode":0,"name":"Shaded","section":"Shading Mode"},"sceneLighting":true,"audioPlay":false,"sceneViewState":{"m_AlwaysRefresh":false,"showFog":true,"showSkybox":true,"showFlares":true,"showImageEffects":true,"showParticleSystems":true,"showVisualEffectGraphs":true,"m_FxEnabled":true},"in2DMode":false,"pivot":{"x":24.693384170532228,"y":12.825422286987305,"z":-3.5756607055664064},"rotation":{"x":0.0370025560259819,"y":-0.9968082308769226,"z":0.07006416469812393,"w":0.014371301978826523},"size":0.5589994192123413,"orthographic":false}