{"cameraMode":{"drawMode":0,"name":"Shaded","section":"Shading Mode"},"sceneLighting":true,"audioPlay":false,"sceneViewState":{"m_AlwaysRefresh":false,"showFog":true,"showSkybox":true,"showFlares":true,"showImageEffects":true,"showParticleSystems":true,"showVisualEffectGraphs":true,"m_FxEnabled":true},"in2DMode":false,"pivot":{"x":21.255863189697267,"y":13.253606796264649,"z":-1.396318793296814},"rotation":{"x":-0.09405054897069931,"y":-0.31925326585769656,"z":0.07134777307510376,"w":-0.9403336048126221},"size":0.9049965143203735,"orthographic":false}