{"cameraMode":{"drawMode":0,"name":"Shaded","section":"Shading Mode"},"sceneLighting":true,"audioPlay":false,"sceneViewState":{"m_AlwaysRefresh":false,"showFog":true,"showSkybox":true,"showFlares":true,"showImageEffects":true,"showParticleSystems":true,"showVisualEffectGraphs":true,"m_FxEnabled":true},"in2DMode":false,"pivot":{"x":22.142879486083986,"y":16.341880798339845,"z":-2.1449317932128908},"rotation":{"x":-0.3676373064517975,"y":-0.3208081126213074,"z":0.18071019649505616,"w":-0.8540158271789551},"size":0.6252803802490234,"orthographic":false}