{"cameraMode":{"drawMode":0,"name":"Shaded","section":"Shading Mode"},"sceneLighting":true,"audioPlay":false,"sceneViewState":{"m_AlwaysRefresh":false,"showFog":true,"showSkybox":true,"showFlares":true,"showImageEffects":true,"showParticleSystems":true,"showVisualEffectGraphs":true,"m_FxEnabled":true},"in2DMode":false,"pivot":{"x":2.956815242767334,"y":10.23689079284668,"z":-4.569209575653076},"rotation":{"x":-0.5504459738731384,"y":-0.020375799387693406,"z":0.057178743183612826,"w":-0.8326990604400635},"size":0.5189875364303589,"orthographic":false}