{"cameraMode":{"drawMode":0,"name":"Shaded","section":"Shading Mode"},"sceneLighting":true,"audioPlay":false,"sceneViewState":{"m_AlwaysRefresh":false,"showFog":true,"showSkybox":true,"showFlares":true,"showImageEffects":true,"showParticleSystems":true,"showVisualEffectGraphs":true,"m_FxEnabled":true},"in2DMode":false,"pivot":{"x":1.7998628616333008,"y":3.3164448738098146,"z":-2.3103227615356447},"rotation":{"x":0.2572095990180969,"y":-0.18397128582000733,"z":0.010907662101089955,"w":0.948654055595398},"size":1.4030975103378297,"orthographic":false}