{"cameraMode":{"drawMode":0,"name":"Shaded","section":"Shading Mode"},"sceneLighting":true,"audioPlay":false,"sceneViewState":{"m_AlwaysRefresh":false,"showFog":true,"showSkybox":true,"showFlares":true,"showImageEffects":true,"showParticleSystems":true,"showVisualEffectGraphs":true,"m_FxEnabled":true},"in2DMode":false,"pivot":{"x":-1.2085727453231812,"y":-0.09481888264417649,"z":0.024782469496130945},"rotation":{"x":-0.3374161124229431,"y":0.39048895239830019,"z":-0.15618719160556794,"w":-0.8420677781105042},"size":4.771602630615234,"orthographic":false}