{"cameraMode":{"drawMode":0,"name":"Shaded","section":"Shading Mode"},"sceneLighting":true,"audioPlay":false,"sceneViewState":{"m_AlwaysRefresh":false,"showFog":true,"showSkybox":true,"showFlares":true,"showImageEffects":true,"showParticleSystems":true,"showVisualEffectGraphs":true,"m_FxEnabled":true},"in2DMode":false,"pivot":{"x":22.994701385498048,"y":13.72121810913086,"z":-0.7285630702972412},"rotation":{"x":0.17243242263793946,"y":0.23680047690868379,"z":-0.0810382291674614,"w":0.9527332186698914},"size":0.8270542621612549,"orthographic":false}