{"cameraMode":{"drawMode":0,"name":"Shaded","section":"Shading Mode"},"sceneLighting":true,"audioPlay":false,"sceneViewState":{"m_AlwaysRefresh":false,"showFog":true,"showSkybox":true,"showFlares":true,"showImageEffects":true,"showParticleSystems":true,"showVisualEffectGraphs":true,"m_FxEnabled":true},"in2DMode":false,"pivot":{"x":6.6936516761779789,"y":5.550257205963135,"z":-3.9715452194213869},"rotation":{"x":0.21550923585891725,"y":-0.39863041043281557,"z":0.09675107896327973,"w":0.8860975503921509},"size":0.8660253882408142,"orthographic":false}