{"cameraMode":{"drawMode":0,"name":"Shaded","section":"Shading Mode"},"sceneLighting":true,"audioPlay":false,"sceneViewState":{"m_AlwaysRefresh":false,"showFog":true,"showSkybox":true,"showFlares":true,"showImageEffects":true,"showParticleSystems":true,"showVisualEffectGraphs":true,"m_FxEnabled":true},"in2DMode":false,"pivot":{"x":4.527911186218262,"y":2.006334066390991,"z":-4.459188461303711},"rotation":{"x":0.10754825919866562,"y":-0.4234766364097595,"z":0.010824157856404782,"w":0.8995057940483093},"size":0.8660253882408142,"orthographic":false}