{"cameraMode":{"drawMode":0,"name":"Shaded","section":"Shading Mode"},"sceneLighting":true,"audioPlay":false,"sceneViewState":{"m_AlwaysRefresh":false,"showFog":true,"showSkybox":true,"showFlares":true,"showImageEffects":true,"showParticleSystems":true,"showVisualEffectGraphs":true,"m_FxEnabled":true},"in2DMode":false,"pivot":{"x":-2.1094775199890138,"y":1.218947172164917,"z":0.49785202741622927},"rotation":{"x":-0.02961473912000656,"y":0.9552252292633057,"z":-0.10240604728460312,"w":-0.2758205831050873},"size":0.512566864490509,"orthographic":false}