{"cameraMode":{"drawMode":0,"name":"Shaded","section":"Shading Mode"},"sceneLighting":true,"audioPlay":false,"sceneViewState":{"m_AlwaysRefresh":false,"showFog":true,"showSkybox":true,"showFlares":true,"showImageEffects":true,"showParticleSystems":true,"showVisualEffectGraphs":true,"m_FxEnabled":true},"in2DMode":false,"pivot":{"x":-1.713323712348938,"y":-3.8467164039611818,"z":6.097084999084473},"rotation":{"x":0.34660542011260989,"y":0.011494194157421589,"z":-0.0043661645613610748,"w":0.9378703236579895},"size":5.858086585998535,"orthographic":false}